email,business_name,subject,body,phone,industry,location
office@alpineelitegym.com,Alpine Elite Gymnastics,Free Google Profile Audit for Alpine Elite Gymnastics,"Hi,

I run a Google Business Profile optimization service in North Idaho, and I'm offering free audits to gym businesses this week.

I took a quick look at Alpine Elite Gymnastics's profile and found some opportunities:

• Only 1 photos (needs 20+)
• Only 9 reviews (low social proof)

If you're interested, I can send you a detailed audit report (free, no obligation) showing:
✓ Your current profile score vs. competitors
✓ Exactly what's missing
✓ Estimated impact on calls/traffic

Just reply ""send it"" and I'll email it over.

If not interested, no worries - I won't bug you again!

Best,
Visible Local
contact@visiblelocal.co
North Idaho",(208) 254-1173,gym,"Sandpoint, ID"
corrinajbarrett@gmail.com,Xhale Pilates Studio,Free Google Profile Audit for Xhale Pilates Studio,"Hi,

I run a Google Business Profile optimization service in North Idaho, and I'm offering free audits to gym businesses this week.

I took a quick look at Xhale Pilates Studio's profile and found some opportunities:

• Only 0 photos (needs 20+)
• Only 4 reviews (low social proof)

If you're interested, I can send you a detailed audit report (free, no obligation) showing:
✓ Your current profile score vs. competitors
✓ Exactly what's missing
✓ Estimated impact on calls/traffic

Just reply ""send it"" and I'll email it over.

If not interested, no worries - I won't bug you again!

Best,
Visible Local
contact@visiblelocal.co
North Idaho",(208) 755-2687,gym,"Sandpoint, ID"
uniquefitnesssandpoint@gmail.com,Unique Fitness (UFIT),Free Google Profile Audit for Unique Fitness (UFIT),"Hi,

I run a Google Business Profile optimization service in North Idaho, and I'm offering free audits to gym businesses this week.

I took a quick look at Unique Fitness (UFIT)'s profile and found some opportunities:

• Only 25 reviews (low social proof)
• Established business (has reviews)

If you're interested, I can send you a detailed audit report (free, no obligation) showing:
✓ Your current profile score vs. competitors
✓ Exactly what's missing
✓ Estimated impact on calls/traffic

Just reply ""send it"" and I'll email it over.

If not interested, no worries - I won't bug you again!

Best,
Visible Local
contact@visiblelocal.co
North Idaho",(208) 627-6079,gym,"Sandpoint, ID"
missi@missibalisonfitness.com,Missi Balison Fitness,Free Google Profile Audit for Missi Balison Fitness,"Hi,

I run a Google Business Profile optimization service in North Idaho, and I'm offering free audits to gym businesses this week.

I took a quick look at Missi Balison Fitness's profile and found some opportunities:

• Established business (has reviews)
• Good rating (cares about reputation)

If you're interested, I can send you a detailed audit report (free, no obligation) showing:
✓ Your current profile score vs. competitors
✓ Exactly what's missing
✓ Estimated impact on calls/traffic

Just reply ""send it"" and I'll email it over.

If not interested, no worries - I won't bug you again!

Best,
Visible Local
contact@visiblelocal.co
North Idaho",(208) 290-2081,gym,"Sandpoint, ID"
hi@typemade.mx,BarreX Fitness and Dance,Free Google Profile Audit for BarreX Fitness and Dance,"Hi,

I run a Google Business Profile optimization service in North Idaho, and I'm offering free audits to gym businesses this week.

I took a quick look at BarreX Fitness and Dance's profile and found some opportunities:

• Only 1 reviews (low social proof)
• Good rating (cares about reputation)

If you're interested, I can send you a detailed audit report (free, no obligation) showing:
✓ Your current profile score vs. competitors
✓ Exactly what's missing
✓ Estimated impact on calls/traffic

Just reply ""send it"" and I'll email it over.

If not interested, no worries - I won't bug you again!

Best,
Visible Local
contact@visiblelocal.co
North Idaho",(208) 946-7861,gym,"Sandpoint, ID"
revivalsalon208@gmail.com,Revival Salon,Free Google Profile Audit for Revival Salon,"Hi,

I run a Google Business Profile optimization service in North Idaho, and I'm offering free audits to salon businesses this week.

I took a quick look at Revival Salon's profile and found some opportunities:

• Only 23 reviews (low social proof)
• Established business (has reviews)

If you're interested, I can send you a detailed audit report (free, no obligation) showing:
✓ Your current profile score vs. competitors
✓ Exactly what's missing
✓ Estimated impact on calls/traffic

Just reply ""send it"" and I'll email it over.

If not interested, no worries - I won't bug you again!

Best,
Visible Local
contact@visiblelocal.co
North Idaho",(602) 614-9200,salon,"Sandpoint, ID"
info@fifthelementhairstudio.com,Fifth Element Hair Studio,Free Google Profile Audit for Fifth Element Hair Studio,"Hi,

I run a Google Business Profile optimization service in North Idaho, and I'm offering free audits to salon businesses this week.

I took a quick look at Fifth Element Hair Studio's profile and found some opportunities:

• Established business (has reviews)
• Good rating (cares about reputation)

If you're interested, I can send you a detailed audit report (free, no obligation) showing:
✓ Your current profile score vs. competitors
✓ Exactly what's missing
✓ Estimated impact on calls/traffic

Just reply ""send it"" and I'll email it over.

If not interested, no worries - I won't bug you again!

Best,
Visible Local
contact@visiblelocal.co
North Idaho",(208) 304-4346,salon,"Sandpoint, ID"
alignhairsandpoint@gmail.com,Align Holistic Hair & Wellbeing,Free Google Profile Audit for Align Holistic Hair & Wellbeing,"Hi,

I run a Google Business Profile optimization service in North Idaho, and I'm offering free audits to salon businesses this week.

I took a quick look at Align Holistic Hair & Wellbeing's profile and found some opportunities:

• Established business (has reviews)
• Good rating (cares about reputation)

If you're interested, I can send you a detailed audit report (free, no obligation) showing:
✓ Your current profile score vs. competitors
✓ Exactly what's missing
✓ Estimated impact on calls/traffic

Just reply ""send it"" and I'll email it over.

If not interested, no worries - I won't bug you again!

Best,
Visible Local
contact@visiblelocal.co
North Idaho",(208) 255-6998,salon,"Sandpoint, ID"
rasorsedgesalon@gmail.com,"Rasor's Edge Salon, LLC","Free Google Profile Audit for Rasor's Edge Salon, LLC","Hi,

I run a Google Business Profile optimization service in North Idaho, and I'm offering free audits to salon businesses this week.

I took a quick look at Rasor's Edge Salon, LLC's profile and found some opportunities:

• Missing business hours
• Good rating (cares about reputation)

If you're interested, I can send you a detailed audit report (free, no obligation) showing:
✓ Your current profile score vs. competitors
✓ Exactly what's missing
✓ Estimated impact on calls/traffic

Just reply ""send it"" and I'll email it over.

If not interested, no worries - I won't bug you again!

Best,
Visible Local
contact@visiblelocal.co
North Idaho",(208) 763-8078,salon,"Sandpoint, ID"
john@danaconst.com,Dana Construction Company LLC,Free Google Profile Audit for Dana Construction Company LLC,"Hi,

I run a Google Business Profile optimization service in North Idaho, and I'm offering free audits to contractor businesses this week.

I took a quick look at Dana Construction Company LLC's profile and found some opportunities:

• Only 0 photos (needs 20+)
• Only 5 reviews (low social proof)

If you're interested, I can send you a detailed audit report (free, no obligation) showing:
✓ Your current profile score vs. competitors
✓ Exactly what's missing
✓ Estimated impact on calls/traffic

Just reply ""send it"" and I'll email it over.

If not interested, no worries - I won't bug you again!

Best,
Visible Local
contact@visiblelocal.co
North Idaho",(208) 691-2042,contractor,"Sandpoint, ID"
customizingyourhome@gmail.com,Durfee Construction LLC,Free Google Profile Audit for Durfee Construction LLC,"Hi,

I run a Google Business Profile optimization service in North Idaho, and I'm offering free audits to contractor businesses this week.

I took a quick look at Durfee Construction LLC's profile and found some opportunities:

• Only 6 photos (needs 20+)
• Only 5 reviews (low social proof)

If you're interested, I can send you a detailed audit report (free, no obligation) showing:
✓ Your current profile score vs. competitors
✓ Exactly what's missing
✓ Estimated impact on calls/traffic

Just reply ""send it"" and I'll email it over.

If not interested, no worries - I won't bug you again!

Best,
Visible Local
contact@visiblelocal.co
North Idaho",(208) 920-0925,contractor,"Sandpoint, ID"
Office@mvcsandpoint.com,Mountain View Construction,Free Google Profile Audit for Mountain View Construction,"Hi,

I run a Google Business Profile optimization service in North Idaho, and I'm offering free audits to contractor businesses this week.

I took a quick look at Mountain View Construction's profile and found some opportunities:

• Only 9 photos (needs 20+)
• Only 5 reviews (low social proof)

If you're interested, I can send you a detailed audit report (free, no obligation) showing:
✓ Your current profile score vs. competitors
✓ Exactly what's missing
✓ Estimated impact on calls/traffic

Just reply ""send it"" and I'll email it over.

If not interested, no worries - I won't bug you again!

Best,
Visible Local
contact@visiblelocal.co
North Idaho",(208) 263-1058,contractor,"Sandpoint, ID"
mandy@ajdevelopmentllc.com,"AJ Construction and Development, LLC","Free Google Profile Audit for AJ Construction and Development, LLC","Hi,

I run a Google Business Profile optimization service in North Idaho, and I'm offering free audits to contractor businesses this week.

I took a quick look at AJ Construction and Development, LLC's profile and found some opportunities:

• Only 18 reviews (low social proof)
• Missing business hours

If you're interested, I can send you a detailed audit report (free, no obligation) showing:
✓ Your current profile score vs. competitors
✓ Exactly what's missing
✓ Estimated impact on calls/traffic

Just reply ""send it"" and I'll email it over.

If not interested, no worries - I won't bug you again!

Best,
Visible Local
contact@visiblelocal.co
North Idaho",(208) 290-5788,contractor,"Sandpoint, ID"
Info@CustomHomeSandpoint.com,John Cloud Construction,Free Google Profile Audit for John Cloud Construction,"Hi,

I run a Google Business Profile optimization service in North Idaho, and I'm offering free audits to contractor businesses this week.

I took a quick look at John Cloud Construction's profile and found some opportunities:

• Only 2 photos (needs 20+)
• Only 4 reviews (low social proof)

If you're interested, I can send you a detailed audit report (free, no obligation) showing:
✓ Your current profile score vs. competitors
✓ Exactly what's missing
✓ Estimated impact on calls/traffic

Just reply ""send it"" and I'll email it over.

If not interested, no worries - I won't bug you again!

Best,
Visible Local
contact@visiblelocal.co
North Idaho",(208) 265-5406,contractor,"Sandpoint, ID"
anapbm@gmail.com,Sandpoint Builders Inc.,Free Google Profile Audit for Sandpoint Builders Inc.,"Hi,

I run a Google Business Profile optimization service in North Idaho, and I'm offering free audits to contractor businesses this week.

I took a quick look at Sandpoint Builders Inc.'s profile and found some opportunities:

• Only 14 reviews (low social proof)
• Established business (has reviews)

If you're interested, I can send you a detailed audit report (free, no obligation) showing:
✓ Your current profile score vs. competitors
✓ Exactly what's missing
✓ Estimated impact on calls/traffic

Just reply ""send it"" and I'll email it over.

If not interested, no worries - I won't bug you again!

Best,
Visible Local
contact@visiblelocal.co
North Idaho",(208) 263-7315,contractor,"Sandpoint, ID"
info@rameyco.com,Ramey Construction Company,Free Google Profile Audit for Ramey Construction Company,"Hi,

I run a Google Business Profile optimization service in North Idaho, and I'm offering free audits to contractor businesses this week.

I took a quick look at Ramey Construction Company's profile and found some opportunities:

• Only 5 reviews (low social proof)
• Established business (has reviews)

If you're interested, I can send you a detailed audit report (free, no obligation) showing:
✓ Your current profile score vs. competitors
✓ Exactly what's missing
✓ Estimated impact on calls/traffic

Just reply ""send it"" and I'll email it over.

If not interested, no worries - I won't bug you again!

Best,
Visible Local
contact@visiblelocal.co
North Idaho",(208) 597-7071,contractor,"Sandpoint, ID"
info@collinbeggs.com,"Collin Beggs Timber Framing, Inc.","Free Google Profile Audit for Collin Beggs Timber Framing, Inc.","Hi,

I run a Google Business Profile optimization service in North Idaho, and I'm offering free audits to contractor businesses this week.

I took a quick look at Collin Beggs Timber Framing, Inc.'s profile and found some opportunities:

• Only 22 reviews (low social proof)
• Established business (has reviews)

If you're interested, I can send you a detailed audit report (free, no obligation) showing:
✓ Your current profile score vs. competitors
✓ Exactly what's missing
✓ Estimated impact on calls/traffic

Just reply ""send it"" and I'll email it over.

If not interested, no worries - I won't bug you again!

Best,
Visible Local
contact@visiblelocal.co
North Idaho",(208) 290-8120,contractor,"Sandpoint, ID"
bob@rwbiancoconstruction.com,R.W. Bianco Construction,Free Google Profile Audit for R.W. Bianco Construction,"Hi,

I run a Google Business Profile optimization service in North Idaho, and I'm offering free audits to contractor businesses this week.

I took a quick look at R.W. Bianco Construction's profile and found some opportunities:

• Only 1 reviews (low social proof)
• Missing business hours

If you're interested, I can send you a detailed audit report (free, no obligation) showing:
✓ Your current profile score vs. competitors
✓ Exactly what's missing
✓ Estimated impact on calls/traffic

Just reply ""send it"" and I'll email it over.

If not interested, no worries - I won't bug you again!

Best,
Visible Local
contact@visiblelocal.co
North Idaho",(208) 290-2268,contractor,"Sandpoint, ID"
longgeneralcontracting@outlook.com,Long General Contracting,Free Google Profile Audit for Long General Contracting,"Hi,

I run a Google Business Profile optimization service in North Idaho, and I'm offering free audits to contractor businesses this week.

I took a quick look at Long General Contracting's profile and found some opportunities:

• Only 2 reviews (low social proof)
• Good rating (cares about reputation)

If you're interested, I can send you a detailed audit report (free, no obligation) showing:
✓ Your current profile score vs. competitors
✓ Exactly what's missing
✓ Estimated impact on calls/traffic

Just reply ""send it"" and I'll email it over.

If not interested, no worries - I won't bug you again!

Best,
Visible Local
contact@visiblelocal.co
North Idaho",(208) 263-0385,contractor,"Sandpoint, ID"
Highmarkplumbing7b@gmail.com,High Mark Plumbing,Free Google Profile Audit for High Mark Plumbing,"Hi,

I run a Google Business Profile optimization service in North Idaho, and I'm offering free audits to plumber businesses this week.

I took a quick look at High Mark Plumbing's profile and found some opportunities:

• Only 6 photos (needs 20+)
• Only 7 reviews (low social proof)

If you're interested, I can send you a detailed audit report (free, no obligation) showing:
✓ Your current profile score vs. competitors
✓ Exactly what's missing
✓ Estimated impact on calls/traffic

Just reply ""send it"" and I'll email it over.

If not interested, no worries - I won't bug you again!

Best,
Visible Local
contact@visiblelocal.co
North Idaho",(208) 217-4753,plumber,"Sandpoint, ID"
OnlineSupport@ConsolidatedSupply.com,Consolidated Supply Co.,Free Google Profile Audit for Consolidated Supply Co.,"Hi,

I run a Google Business Profile optimization service in North Idaho, and I'm offering free audits to plumber businesses this week.

I took a quick look at Consolidated Supply Co.'s profile and found some opportunities:

• Only 5 photos (needs 20+)
• Only 22 reviews (low social proof)

If you're interested, I can send you a detailed audit report (free, no obligation) showing:
✓ Your current profile score vs. competitors
✓ Exactly what's missing
✓ Estimated impact on calls/traffic

Just reply ""send it"" and I'll email it over.

If not interested, no worries - I won't bug you again!

Best,
Visible Local
contact@visiblelocal.co
North Idaho",(208) 263-8561,plumber,"Sandpoint, ID"
northpointtrenchless@gmail.com,North Point Trenchless,Free Google Profile Audit for North Point Trenchless,"Hi,

I run a Google Business Profile optimization service in North Idaho, and I'm offering free audits to plumber businesses this week.

I took a quick look at North Point Trenchless's profile and found some opportunities:

• Only 0 photos (needs 20+)
• Only 8 reviews (low social proof)

If you're interested, I can send you a detailed audit report (free, no obligation) showing:
✓ Your current profile score vs. competitors
✓ Exactly what's missing
✓ Estimated impact on calls/traffic

Just reply ""send it"" and I'll email it over.

If not interested, no worries - I won't bug you again!

Best,
Visible Local
contact@visiblelocal.co
North Idaho",(208) 304-5712,plumber,"Sandpoint, ID"
caseplumbing123@gmail.com,Case Plumbing,Free Google Profile Audit for Case Plumbing,"Hi,

I run a Google Business Profile optimization service in North Idaho, and I'm offering free audits to plumber businesses this week.

I took a quick look at Case Plumbing's profile and found some opportunities:

• Established business (has reviews)
• Good rating (cares about reputation)

If you're interested, I can send you a detailed audit report (free, no obligation) showing:
✓ Your current profile score vs. competitors
✓ Exactly what's missing
✓ Estimated impact on calls/traffic

Just reply ""send it"" and I'll email it over.

If not interested, no worries - I won't bug you again!

Best,
Visible Local
contact@visiblelocal.co
North Idaho",(208) 304-3883,plumber,"Sandpoint, ID"
info@macneillfamilydental.com,MacNeill Family Dental,Free Google Profile Audit for MacNeill Family Dental,"Hi,

I run a Google Business Profile optimization service in North Idaho, and I'm offering free audits to dentist businesses this week.

I took a quick look at MacNeill Family Dental's profile and found some opportunities:

• Only 7 photos (needs 20+)
• Established business (has reviews)

If you're interested, I can send you a detailed audit report (free, no obligation) showing:
✓ Your current profile score vs. competitors
✓ Exactly what's missing
✓ Estimated impact on calls/traffic

Just reply ""send it"" and I'll email it over.

If not interested, no worries - I won't bug you again!

Best,
Visible Local
contact@visiblelocal.co
North Idaho",(208) 263-4353,dentist,"Sandpoint, ID"
smile@mountainlakedental.com,Mountain Lake Dental,Free Google Profile Audit for Mountain Lake Dental,"Hi,

I run a Google Business Profile optimization service in North Idaho, and I'm offering free audits to dentist businesses this week.

I took a quick look at Mountain Lake Dental's profile and found some opportunities:

• Only 2 photos (needs 20+)
• Good rating (cares about reputation)

If you're interested, I can send you a detailed audit report (free, no obligation) showing:
✓ Your current profile score vs. competitors
✓ Exactly what's missing
✓ Estimated impact on calls/traffic

Just reply ""send it"" and I'll email it over.

If not interested, no worries - I won't bug you again!

Best,
Visible Local
contact@visiblelocal.co
North Idaho",(208) 265-1705,dentist,"Sandpoint, ID"
sandpoint.smiles.dental@gmail.com,Sandpoint Smiles (formerly Tom Davies Family Dentistry),Free Google Profile Audit for Sandpoint Smiles (formerly Tom Davies Family Dentistry),"Hi,

I run a Google Business Profile optimization service in North Idaho, and I'm offering free audits to dentist businesses this week.

I took a quick look at Sandpoint Smiles (formerly Tom Davies Family Dentistry)'s profile and found some opportunities:

• Only 9 photos (needs 20+)
• Good rating (cares about reputation)

If you're interested, I can send you a detailed audit report (free, no obligation) showing:
✓ Your current profile score vs. competitors
✓ Exactly what's missing
✓ Estimated impact on calls/traffic

Just reply ""send it"" and I'll email it over.

If not interested, no worries - I won't bug you again!

Best,
Visible Local
contact@visiblelocal.co
North Idaho",(208) 263-8514,dentist,"Sandpoint, ID"
ponderaydental@gmail.com,Ponderay Dental,Free Google Profile Audit for Ponderay Dental,"Hi,

I run a Google Business Profile optimization service in North Idaho, and I'm offering free audits to dentist businesses this week.

I took a quick look at Ponderay Dental's profile and found some opportunities:

• Only 4 photos (needs 20+)
• Good rating (cares about reputation)

If you're interested, I can send you a detailed audit report (free, no obligation) showing:
✓ Your current profile score vs. competitors
✓ Exactly what's missing
✓ Estimated impact on calls/traffic

Just reply ""send it"" and I'll email it over.

If not interested, no worries - I won't bug you again!

Best,
Visible Local
contact@visiblelocal.co
North Idaho",(208) 265-6771,dentist,"Sandpoint, ID"
frontdesk@sandpointkidsdentistry.com,Sandpoint Kids Dentistry,Free Google Profile Audit for Sandpoint Kids Dentistry,"Hi,

I run a Google Business Profile optimization service in North Idaho, and I'm offering free audits to dentist businesses this week.

I took a quick look at Sandpoint Kids Dentistry's profile and found some opportunities:

• Only 3 photos (needs 20+)
• Good rating (cares about reputation)

If you're interested, I can send you a detailed audit report (free, no obligation) showing:
✓ Your current profile score vs. competitors
✓ Exactly what's missing
✓ Estimated impact on calls/traffic

Just reply ""send it"" and I'll email it over.

If not interested, no worries - I won't bug you again!

Best,
Visible Local
contact@visiblelocal.co
North Idaho",(208) 597-7800,dentist,"Sandpoint, ID"
ryanleisydc@gmail.com,Northern Lakes Chiropractic Clinic PC,Free Google Profile Audit for Northern Lakes Chiropractic Clinic PC,"Hi,

I run a Google Business Profile optimization service in North Idaho, and I'm offering free audits to chiropractor businesses this week.

I took a quick look at Northern Lakes Chiropractic Clinic PC's profile and found some opportunities:

• Only 3 photos (needs 20+)
• Only 14 reviews (low social proof)

If you're interested, I can send you a detailed audit report (free, no obligation) showing:
✓ Your current profile score vs. competitors
✓ Exactly what's missing
✓ Estimated impact on calls/traffic

Just reply ""send it"" and I'll email it over.

If not interested, no worries - I won't bug you again!

Best,
Visible Local
contact@visiblelocal.co
North Idaho",(208) 265-1900,chiropractor,"Sandpoint, ID"
info@steidlchiropractic.com,Steidl Family Chiropractic,Free Google Profile Audit for Steidl Family Chiropractic,"Hi,

I run a Google Business Profile optimization service in North Idaho, and I'm offering free audits to chiropractor businesses this week.

I took a quick look at Steidl Family Chiropractic's profile and found some opportunities:

• Only 1 photos (needs 20+)
• Only 11 reviews (low social proof)

If you're interested, I can send you a detailed audit report (free, no obligation) showing:
✓ Your current profile score vs. competitors
✓ Exactly what's missing
✓ Estimated impact on calls/traffic

Just reply ""send it"" and I'll email it over.

If not interested, no worries - I won't bug you again!

Best,
Visible Local
contact@visiblelocal.co
North Idaho",(208) 290-7097,chiropractor,"Sandpoint, ID"
connect@thrivingfamilychiro.com,Thriving Family Chiropractic,Free Google Profile Audit for Thriving Family Chiropractic,"Hi,

I run a Google Business Profile optimization service in North Idaho, and I'm offering free audits to chiropractor businesses this week.

I took a quick look at Thriving Family Chiropractic's profile and found some opportunities:

• Only 2 photos (needs 20+)
• Established business (has reviews)

If you're interested, I can send you a detailed audit report (free, no obligation) showing:
✓ Your current profile score vs. competitors
✓ Exactly what's missing
✓ Estimated impact on calls/traffic

Just reply ""send it"" and I'll email it over.

If not interested, no worries - I won't bug you again!

Best,
Visible Local
contact@visiblelocal.co
North Idaho",(208) 265-2225,chiropractor,"Sandpoint, ID"
jonpinhorn.typedesign@gmail.com,Marker Chiropractic,Free Google Profile Audit for Marker Chiropractic,"Hi,

I run a Google Business Profile optimization service in North Idaho, and I'm offering free audits to chiropractor businesses this week.

I took a quick look at Marker Chiropractic's profile and found some opportunities:

• Only 0 photos (needs 20+)
• Only 1 reviews (low social proof)

If you're interested, I can send you a detailed audit report (free, no obligation) showing:
✓ Your current profile score vs. competitors
✓ Exactly what's missing
✓ Estimated impact on calls/traffic

Just reply ""send it"" and I'll email it over.

If not interested, no worries - I won't bug you again!

Best,
Visible Local
contact@visiblelocal.co
North Idaho",(208) 946-3990,chiropractor,"Sandpoint, ID"
frontdesk@cudachiropractic.com,Cuda Chiropractic,Free Google Profile Audit for Cuda Chiropractic,"Hi,

I run a Google Business Profile optimization service in North Idaho, and I'm offering free audits to chiropractor businesses this week.

I took a quick look at Cuda Chiropractic's profile and found some opportunities:

• Only 0 photos (needs 20+)
• Only 2 reviews (low social proof)

If you're interested, I can send you a detailed audit report (free, no obligation) showing:
✓ Your current profile score vs. competitors
✓ Exactly what's missing
✓ Estimated impact on calls/traffic

Just reply ""send it"" and I'll email it over.

If not interested, no worries - I won't bug you again!

Best,
Visible Local
contact@visiblelocal.co
North Idaho",(208) 219-5833,chiropractor,"Sandpoint, ID"
connect@thrivingfamilychiro.com,Mihin William S DC,Free Google Profile Audit for Mihin William S DC,"Hi,

I run a Google Business Profile optimization service in North Idaho, and I'm offering free audits to chiropractor businesses this week.

I took a quick look at Mihin William S DC's profile and found some opportunities:

• Only 0 photos (needs 20+)
• Only 3 reviews (low social proof)

If you're interested, I can send you a detailed audit report (free, no obligation) showing:
✓ Your current profile score vs. competitors
✓ Exactly what's missing
✓ Estimated impact on calls/traffic

Just reply ""send it"" and I'll email it over.

If not interested, no worries - I won't bug you again!

Best,
Visible Local
contact@visiblelocal.co
North Idaho",(208) 265-2225,chiropractor,"Sandpoint, ID"
northidahochironeurology@gmail.com,North Idaho Chiropractic Neurology Center,Free Google Profile Audit for North Idaho Chiropractic Neurology Center,"Hi,

I run a Google Business Profile optimization service in North Idaho, and I'm offering free audits to chiropractor businesses this week.

I took a quick look at North Idaho Chiropractic Neurology Center's profile and found some opportunities:

• Only 17 reviews (low social proof)
• Established business (has reviews)

If you're interested, I can send you a detailed audit report (free, no obligation) showing:
✓ Your current profile score vs. competitors
✓ Exactly what's missing
✓ Estimated impact on calls/traffic

Just reply ""send it"" and I'll email it over.

If not interested, no worries - I won't bug you again!

Best,
Visible Local
contact@visiblelocal.co
North Idaho",(208) 946-5888,chiropractor,"Sandpoint, ID"
support@healthysandpoint.com,Pend Oreille Chiropractic,Free Google Profile Audit for Pend Oreille Chiropractic,"Hi,

I run a Google Business Profile optimization service in North Idaho, and I'm offering free audits to chiropractor businesses this week.

I took a quick look at Pend Oreille Chiropractic's profile and found some opportunities:

• Only 1 photos (needs 20+)
• Good rating (cares about reputation)

If you're interested, I can send you a detailed audit report (free, no obligation) showing:
✓ Your current profile score vs. competitors
✓ Exactly what's missing
✓ Estimated impact on calls/traffic

Just reply ""send it"" and I'll email it over.

If not interested, no worries - I won't bug you again!

Best,
Visible Local
contact@visiblelocal.co
North Idaho",(208) 255-1108,chiropractor,"Sandpoint, ID"
Christfitgymcda@gmail.com,Christ Fit Gym CDA,Free Google Profile Audit for Christ Fit Gym CDA,"Hi,

I run a Google Business Profile optimization service in North Idaho, and I'm offering free audits to gym businesses this week.

I took a quick look at Christ Fit Gym CDA's profile and found some opportunities:

• Only 15 reviews (low social proof)
• Established business (has reviews)

If you're interested, I can send you a detailed audit report (free, no obligation) showing:
✓ Your current profile score vs. competitors
✓ Exactly what's missing
✓ Estimated impact on calls/traffic

Just reply ""send it"" and I'll email it over.

If not interested, no worries - I won't bug you again!

Best,
Visible Local
contact@visiblelocal.co
North Idaho",(208) 721-2834,gym,"Coeur d'Alene, ID"
mediainquiries@sebrands.com,Anytime Fitness,Free Google Profile Audit for Anytime Fitness,"Hi,

I run a Google Business Profile optimization service in North Idaho, and I'm offering free audits to gym businesses this week.

I took a quick look at Anytime Fitness's profile and found some opportunities:

• Only 7 photos (needs 20+)
• Good rating (cares about reputation)

If you're interested, I can send you a detailed audit report (free, no obligation) showing:
✓ Your current profile score vs. competitors
✓ Exactly what's missing
✓ Estimated impact on calls/traffic

Just reply ""send it"" and I'll email it over.

If not interested, no worries - I won't bug you again!

Best,
Visible Local
contact@visiblelocal.co
North Idaho",(208) 966-4253,gym,"Coeur d'Alene, ID"
360fitnessnorthidaho@gmail.com,360 Fitness North Idaho,Free Google Profile Audit for 360 Fitness North Idaho,"Hi,

I run a Google Business Profile optimization service in North Idaho, and I'm offering free audits to gym businesses this week.

I took a quick look at 360 Fitness North Idaho's profile and found some opportunities:

• Only 9 photos (needs 20+)
• Good rating (cares about reputation)

If you're interested, I can send you a detailed audit report (free, no obligation) showing:
✓ Your current profile score vs. competitors
✓ Exactly what's missing
✓ Estimated impact on calls/traffic

Just reply ""send it"" and I'll email it over.

If not interested, no worries - I won't bug you again!

Best,
Visible Local
contact@visiblelocal.co
North Idaho",(208) 930-1972,gym,"Coeur d'Alene, ID"
eben@eyebytes.com,The HOP Coeur d’Alene (The House of Pumps),Free Google Profile Audit for The HOP Coeur d’Alene (The House of Pumps),"Hi,

I run a Google Business Profile optimization service in North Idaho, and I'm offering free audits to gym businesses this week.

I took a quick look at The HOP Coeur d’Alene (The House of Pumps)'s profile and found some opportunities:

• Established business (has reviews)
• Good rating (cares about reputation)

If you're interested, I can send you a detailed audit report (free, no obligation) showing:
✓ Your current profile score vs. competitors
✓ Exactly what's missing
✓ Estimated impact on calls/traffic

Just reply ""send it"" and I'll email it over.

If not interested, no worries - I won't bug you again!

Best,
Visible Local
contact@visiblelocal.co
North Idaho",(208) 625-9504,gym,"Coeur d'Alene, ID"
15min@exerciseinstitute.com,Exercise Institute,Free Google Profile Audit for Exercise Institute,"Hi,

I run a Google Business Profile optimization service in North Idaho, and I'm offering free audits to gym businesses this week.

I took a quick look at Exercise Institute's profile and found some opportunities:

• Established business (has reviews)
• Good rating (cares about reputation)

If you're interested, I can send you a detailed audit report (free, no obligation) showing:
✓ Your current profile score vs. competitors
✓ Exactly what's missing
✓ Estimated impact on calls/traffic

Just reply ""send it"" and I'll email it over.

If not interested, no worries - I won't bug you again!

Best,
Visible Local
contact@visiblelocal.co
North Idaho",(208) 666-9094,gym,"Coeur d'Alene, ID"
DoriLLucas.DL@gmail.com,Sola Salon Studios,Free Google Profile Audit for Sola Salon Studios,"Hi,

I run a Google Business Profile optimization service in North Idaho, and I'm offering free audits to salon businesses this week.

I took a quick look at Sola Salon Studios's profile and found some opportunities:

• Only 9 photos (needs 20+)
• Good rating (cares about reputation)

If you're interested, I can send you a detailed audit report (free, no obligation) showing:
✓ Your current profile score vs. competitors
✓ Exactly what's missing
✓ Estimated impact on calls/traffic

Just reply ""send it"" and I'll email it over.

If not interested, no worries - I won't bug you again!

Best,
Visible Local
contact@visiblelocal.co
North Idaho",(509) 750-6694,salon,"Coeur d'Alene, ID"
office@edwardssmith.com,Edwards Smith Construction,Free Google Profile Audit for Edwards Smith Construction,"Hi,

I run a Google Business Profile optimization service in North Idaho, and I'm offering free audits to contractor businesses this week.

I took a quick look at Edwards Smith Construction's profile and found some opportunities:

• Only 16 reviews (low social proof)
• Established business (has reviews)

If you're interested, I can send you a detailed audit report (free, no obligation) showing:
✓ Your current profile score vs. competitors
✓ Exactly what's missing
✓ Estimated impact on calls/traffic

Just reply ""send it"" and I'll email it over.

If not interested, no worries - I won't bug you again!

Best,
Visible Local
contact@visiblelocal.co
North Idaho",(208) 765-8602,contractor,"Coeur d'Alene, ID"
Artboard-1-copy@4x-2048x520.png,Nl Kile Construction Remodeling Contractor,Free Google Profile Audit for Nl Kile Construction Remodeling Contractor,"Hi,

I run a Google Business Profile optimization service in North Idaho, and I'm offering free audits to contractor businesses this week.

I took a quick look at Nl Kile Construction Remodeling Contractor's profile and found some opportunities:

• Only 12 reviews (low social proof)
• Established business (has reviews)

If you're interested, I can send you a detailed audit report (free, no obligation) showing:
✓ Your current profile score vs. competitors
✓ Exactly what's missing
✓ Estimated impact on calls/traffic

Just reply ""send it"" and I'll email it over.

If not interested, no worries - I won't bug you again!

Best,
Visible Local
contact@visiblelocal.co
North Idaho",(208) 215-2586,contractor,"Coeur d'Alene, ID"
martin@visionbuiltconstruction.net,Vision Built Construction LLC,Free Google Profile Audit for Vision Built Construction LLC,"Hi,

I run a Google Business Profile optimization service in North Idaho, and I'm offering free audits to contractor businesses this week.

I took a quick look at Vision Built Construction LLC's profile and found some opportunities:

• Only 20 reviews (low social proof)
• Established business (has reviews)

If you're interested, I can send you a detailed audit report (free, no obligation) showing:
✓ Your current profile score vs. competitors
✓ Exactly what's missing
✓ Estimated impact on calls/traffic

Just reply ""send it"" and I'll email it over.

If not interested, no worries - I won't bug you again!

Best,
Visible Local
contact@visiblelocal.co
North Idaho",(208) 758-0181,contractor,"Coeur d'Alene, ID"
info@ginnoconstruction.com,Ginno Construction,Free Google Profile Audit for Ginno Construction,"Hi,

I run a Google Business Profile optimization service in North Idaho, and I'm offering free audits to contractor businesses this week.

I took a quick look at Ginno Construction's profile and found some opportunities:

• Only 23 reviews (low social proof)
• Established business (has reviews)

If you're interested, I can send you a detailed audit report (free, no obligation) showing:
✓ Your current profile score vs. competitors
✓ Exactly what's missing
✓ Estimated impact on calls/traffic

Just reply ""send it"" and I'll email it over.

If not interested, no worries - I won't bug you again!

Best,
Visible Local
contact@visiblelocal.co
North Idaho",(208) 667-5560,contractor,"Coeur d'Alene, ID"
install@exteriorsbyaspen.com,"Aspen Construction & Design, LLC","Free Google Profile Audit for Aspen Construction & Design, LLC","Hi,

I run a Google Business Profile optimization service in North Idaho, and I'm offering free audits to contractor businesses this week.

I took a quick look at Aspen Construction & Design, LLC's profile and found some opportunities:

• Only 26 reviews (low social proof)
• Established business (has reviews)

If you're interested, I can send you a detailed audit report (free, no obligation) showing:
✓ Your current profile score vs. competitors
✓ Exactly what's missing
✓ Estimated impact on calls/traffic

Just reply ""send it"" and I'll email it over.

If not interested, no worries - I won't bug you again!

Best,
Visible Local
contact@visiblelocal.co
North Idaho",(208) 216-1964,contractor,"Coeur d'Alene, ID"
hello@rfuenzalida.com,Kingdom Construction,Free Google Profile Audit for Kingdom Construction,"Hi,

I run a Google Business Profile optimization service in North Idaho, and I'm offering free audits to contractor businesses this week.

I took a quick look at Kingdom Construction's profile and found some opportunities:

• Established business (has reviews)
• Good rating (cares about reputation)

If you're interested, I can send you a detailed audit report (free, no obligation) showing:
✓ Your current profile score vs. competitors
✓ Exactly what's missing
✓ Estimated impact on calls/traffic

Just reply ""send it"" and I'll email it over.

If not interested, no worries - I won't bug you again!

Best,
Visible Local
contact@visiblelocal.co
North Idaho",(208) 699-4781,contractor,"Coeur d'Alene, ID"
robjohnconstruct@gmail.com,Johnson Construction,Free Google Profile Audit for Johnson Construction,"Hi,

I run a Google Business Profile optimization service in North Idaho, and I'm offering free audits to contractor businesses this week.

I took a quick look at Johnson Construction's profile and found some opportunities:

• Only 3 reviews (low social proof)
• Good rating (cares about reputation)

If you're interested, I can send you a detailed audit report (free, no obligation) showing:
✓ Your current profile score vs. competitors
✓ Exactly what's missing
✓ Estimated impact on calls/traffic

Just reply ""send it"" and I'll email it over.

If not interested, no worries - I won't bug you again!

Best,
Visible Local
contact@visiblelocal.co
North Idaho",(208) 755-4362,contractor,"Coeur d'Alene, ID"
info@atlasbuildinggroup.com,Atlas Building Group,Free Google Profile Audit for Atlas Building Group,"Hi,

I run a Google Business Profile optimization service in North Idaho, and I'm offering free audits to contractor businesses this week.

I took a quick look at Atlas Building Group's profile and found some opportunities:

• Established business (has reviews)
• Good rating (cares about reputation)

If you're interested, I can send you a detailed audit report (free, no obligation) showing:
✓ Your current profile score vs. competitors
✓ Exactly what's missing
✓ Estimated impact on calls/traffic

Just reply ""send it"" and I'll email it over.

If not interested, no worries - I won't bug you again!

Best,
Visible Local
contact@visiblelocal.co
North Idaho",(208) 818-7941,contractor,"Coeur d'Alene, ID"
 tmessina@messinaconstruction.com,Messina Construction,Free Google Profile Audit for Messina Construction,"Hi,

I run a Google Business Profile optimization service in North Idaho, and I'm offering free audits to contractor businesses this week.

I took a quick look at Messina Construction's profile and found some opportunities:

• Only 1 reviews (low social proof)
• Good rating (cares about reputation)

If you're interested, I can send you a detailed audit report (free, no obligation) showing:
✓ Your current profile score vs. competitors
✓ Exactly what's missing
✓ Estimated impact on calls/traffic

Just reply ""send it"" and I'll email it over.

If not interested, no worries - I won't bug you again!

Best,
Visible Local
contact@visiblelocal.co
North Idaho",(208) 765-5714,contractor,"Coeur d'Alene, ID"
hello@rfuenzalida.com,Honest Plumbing,Free Google Profile Audit for Honest Plumbing,"Hi,

I run a Google Business Profile optimization service in North Idaho, and I'm offering free audits to plumber businesses this week.

I took a quick look at Honest Plumbing's profile and found some opportunities:

• Only 8 photos (needs 20+)
• Good rating (cares about reputation)

If you're interested, I can send you a detailed audit report (free, no obligation) showing:
✓ Your current profile score vs. competitors
✓ Exactly what's missing
✓ Estimated impact on calls/traffic

Just reply ""send it"" and I'll email it over.

If not interested, no worries - I won't bug you again!

Best,
Visible Local
contact@visiblelocal.co
North Idaho",(208) 987-3234,plumber,"Coeur d'Alene, ID"
service@fredsplumbingcda.com,Fred's Plumbing,Free Google Profile Audit for Fred's Plumbing,"Hi,

I run a Google Business Profile optimization service in North Idaho, and I'm offering free audits to plumber businesses this week.

I took a quick look at Fred's Plumbing's profile and found some opportunities:

• Only 4 photos (needs 20+)
• Good rating (cares about reputation)

If you're interested, I can send you a detailed audit report (free, no obligation) showing:
✓ Your current profile score vs. competitors
✓ Exactly what's missing
✓ Estimated impact on calls/traffic

Just reply ""send it"" and I'll email it over.

If not interested, no worries - I won't bug you again!

Best,
Visible Local
contact@visiblelocal.co
North Idaho",(208) 260-4970,plumber,"Coeur d'Alene, ID"
info@elementdentalcda.com,Element Dental,Free Google Profile Audit for Element Dental,"Hi,

I run a Google Business Profile optimization service in North Idaho, and I'm offering free audits to dentist businesses this week.

I took a quick look at Element Dental's profile and found some opportunities:

• Only 8 photos (needs 20+)
• Good rating (cares about reputation)

If you're interested, I can send you a detailed audit report (free, no obligation) showing:
✓ Your current profile score vs. competitors
✓ Exactly what's missing
✓ Estimated impact on calls/traffic

Just reply ""send it"" and I'll email it over.

If not interested, no worries - I won't bug you again!

Best,
Visible Local
contact@visiblelocal.co
North Idaho",(208) 664-2160,dentist,"Coeur d'Alene, ID"
scholesfamilydental@gmail.com,Scholes Family Dental,Free Google Profile Audit for Scholes Family Dental,"Hi,

I run a Google Business Profile optimization service in North Idaho, and I'm offering free audits to dentist businesses this week.

I took a quick look at Scholes Family Dental's profile and found some opportunities:

• Only 7 photos (needs 20+)
• Good rating (cares about reputation)

If you're interested, I can send you a detailed audit report (free, no obligation) showing:
✓ Your current profile score vs. competitors
✓ Exactly what's missing
✓ Estimated impact on calls/traffic

Just reply ""send it"" and I'll email it over.

If not interested, no worries - I won't bug you again!

Best,
Visible Local
contact@visiblelocal.co
North Idaho",(208) 667-1578,dentist,"Coeur d'Alene, ID"
info@smartfamilydds.com,Smart Family Dentistry,Free Google Profile Audit for Smart Family Dentistry,"Hi,

I run a Google Business Profile optimization service in North Idaho, and I'm offering free audits to dentist businesses this week.

I took a quick look at Smart Family Dentistry's profile and found some opportunities:

• Only 0 photos (needs 20+)
• Good rating (cares about reputation)

If you're interested, I can send you a detailed audit report (free, no obligation) showing:
✓ Your current profile score vs. competitors
✓ Exactly what's missing
✓ Estimated impact on calls/traffic

Just reply ""send it"" and I'll email it over.

If not interested, no worries - I won't bug you again!

Best,
Visible Local
contact@visiblelocal.co
North Idaho",(208) 667-0012,dentist,"Coeur d'Alene, ID"
info@ddsnorthwest.com,DDS Northwest,Free Google Profile Audit for DDS Northwest,"Hi,

I run a Google Business Profile optimization service in North Idaho, and I'm offering free audits to dentist businesses this week.

I took a quick look at DDS Northwest's profile and found some opportunities:

• Only 2 photos (needs 20+)
• Good rating (cares about reputation)

If you're interested, I can send you a detailed audit report (free, no obligation) showing:
✓ Your current profile score vs. competitors
✓ Exactly what's missing
✓ Estimated impact on calls/traffic

Just reply ""send it"" and I'll email it over.

If not interested, no worries - I won't bug you again!

Best,
Visible Local
contact@visiblelocal.co
North Idaho",(208) 765-3322,dentist,"Coeur d'Alene, ID"
HHCWC@outlook.com,Helping Hands Chiropractic and Wellness Center,Free Google Profile Audit for Helping Hands Chiropractic and Wellness Center,"Hi,

I run a Google Business Profile optimization service in North Idaho, and I'm offering free audits to chiropractor businesses this week.

I took a quick look at Helping Hands Chiropractic and Wellness Center's profile and found some opportunities:

• Only 5 photos (needs 20+)
• Only 16 reviews (low social proof)

If you're interested, I can send you a detailed audit report (free, no obligation) showing:
✓ Your current profile score vs. competitors
✓ Exactly what's missing
✓ Estimated impact on calls/traffic

Just reply ""send it"" and I'll email it over.

If not interested, no worries - I won't bug you again!

Best,
Visible Local
contact@visiblelocal.co
North Idaho",(208) 664-0444,chiropractor,"Coeur d'Alene, ID"
cvchirocda@gmail.com,CV Chiropractic,Free Google Profile Audit for CV Chiropractic,"Hi,

I run a Google Business Profile optimization service in North Idaho, and I'm offering free audits to chiropractor businesses this week.

I took a quick look at CV Chiropractic's profile and found some opportunities:

• Only 4 photos (needs 20+)
• Only 14 reviews (low social proof)

If you're interested, I can send you a detailed audit report (free, no obligation) showing:
✓ Your current profile score vs. competitors
✓ Exactly what's missing
✓ Estimated impact on calls/traffic

Just reply ""send it"" and I'll email it over.

If not interested, no worries - I won't bug you again!

Best,
Visible Local
contact@visiblelocal.co
North Idaho",(208) 966-4930,chiropractor,"Coeur d'Alene, ID"
firstcarechiro@gmail.com,First Care Chiropractic,Free Google Profile Audit for First Care Chiropractic,"Hi,

I run a Google Business Profile optimization service in North Idaho, and I'm offering free audits to chiropractor businesses this week.

I took a quick look at First Care Chiropractic's profile and found some opportunities:

• Only 3 photos (needs 20+)
• Good rating (cares about reputation)

If you're interested, I can send you a detailed audit report (free, no obligation) showing:
✓ Your current profile score vs. competitors
✓ Exactly what's missing
✓ Estimated impact on calls/traffic

Just reply ""send it"" and I'll email it over.

If not interested, no worries - I won't bug you again!

Best,
Visible Local
contact@visiblelocal.co
North Idaho",(208) 772-0802,chiropractor,"Coeur d'Alene, ID"
AnchoredBakery_0320_logocolor@4x.png,Anchored Coffee Company Ironwood,Free Google Profile Audit for Anchored Coffee Company Ironwood,"Hi,

I run a Google Business Profile optimization service in North Idaho, and I'm offering free audits to coffee shop businesses this week.

I took a quick look at Anchored Coffee Company Ironwood's profile and found some opportunities:

• Only 5 photos (needs 20+)
• Established business (has reviews)

If you're interested, I can send you a detailed audit report (free, no obligation) showing:
✓ Your current profile score vs. competitors
✓ Exactly what's missing
✓ Estimated impact on calls/traffic

Just reply ""send it"" and I'll email it over.

If not interested, no worries - I won't bug you again!

Best,
Visible Local
contact@visiblelocal.co
North Idaho",(208) 551-2388,coffee shop,"Coeur d'Alene, ID"
support@spokaneclub.org,Spokane Club Athletic Facility And Gym,Free Google Profile Audit for Spokane Club Athletic Facility And Gym,"Hi,

I run a Google Business Profile optimization service in North Idaho, and I'm offering free audits to gym businesses this week.

I took a quick look at Spokane Club Athletic Facility And Gym's profile and found some opportunities:

• Only 11 reviews (low social proof)
• Established business (has reviews)

If you're interested, I can send you a detailed audit report (free, no obligation) showing:
✓ Your current profile score vs. competitors
✓ Exactly what's missing
✓ Estimated impact on calls/traffic

Just reply ""send it"" and I'll email it over.

If not interested, no worries - I won't bug you again!

Best,
Visible Local
contact@visiblelocal.co
North Idaho",(509) 838-8511,gym,"Spokane, WA"
luke@forwardspokane.com,Forward,Free Google Profile Audit for Forward,"Hi,

I run a Google Business Profile optimization service in North Idaho, and I'm offering free audits to gym businesses this week.

I took a quick look at Forward's profile and found some opportunities:

• Only 7 photos (needs 20+)
• Good rating (cares about reputation)

If you're interested, I can send you a detailed audit report (free, no obligation) showing:
✓ Your current profile score vs. competitors
✓ Exactly what's missing
✓ Estimated impact on calls/traffic

Just reply ""send it"" and I'll email it over.

If not interested, no worries - I won't bug you again!

Best,
Visible Local
contact@visiblelocal.co
North Idaho",(509) 230-6565,gym,"Spokane, WA"
edensalonspokane@gmail.com,Eden Salon,Free Google Profile Audit for Eden Salon,"Hi,

I run a Google Business Profile optimization service in North Idaho, and I'm offering free audits to salon businesses this week.

I took a quick look at Eden Salon's profile and found some opportunities:

• Established business (has reviews)
• Good rating (cares about reputation)

If you're interested, I can send you a detailed audit report (free, no obligation) showing:
✓ Your current profile score vs. competitors
✓ Exactly what's missing
✓ Estimated impact on calls/traffic

Just reply ""send it"" and I'll email it over.

If not interested, no worries - I won't bug you again!

Best,
Visible Local
contact@visiblelocal.co
North Idaho",(509) 822-7483,salon,"Spokane, WA"
info@bakerconstruct.com,Baker Construction & Development,Free Google Profile Audit for Baker Construction & Development,"Hi,

I run a Google Business Profile optimization service in North Idaho, and I'm offering free audits to contractor businesses this week.

I took a quick look at Baker Construction & Development's profile and found some opportunities:

• Only 5 photos (needs 20+)
• Established business (has reviews)

If you're interested, I can send you a detailed audit report (free, no obligation) showing:
✓ Your current profile score vs. competitors
✓ Exactly what's missing
✓ Estimated impact on calls/traffic

Just reply ""send it"" and I'll email it over.

If not interested, no worries - I won't bug you again!

Best,
Visible Local
contact@visiblelocal.co
North Idaho",(509) 535-3668,contractor,"Spokane, WA"
info@csspokane.com,Construction Services,Free Google Profile Audit for Construction Services,"Hi,

I run a Google Business Profile optimization service in North Idaho, and I'm offering free audits to contractor businesses this week.

I took a quick look at Construction Services's profile and found some opportunities:

• Only 1 photos (needs 20+)
• Only 1 reviews (low social proof)

If you're interested, I can send you a detailed audit report (free, no obligation) showing:
✓ Your current profile score vs. competitors
✓ Exactly what's missing
✓ Estimated impact on calls/traffic

Just reply ""send it"" and I'll email it over.

If not interested, no worries - I won't bug you again!

Best,
Visible Local
contact@visiblelocal.co
North Idaho",(509) 777-0004,contractor,"Spokane, WA"
info@rameyco.com,Ramey Construction Company,Free Google Profile Audit for Ramey Construction Company,"Hi,

I run a Google Business Profile optimization service in North Idaho, and I'm offering free audits to contractor businesses this week.

I took a quick look at Ramey Construction Company's profile and found some opportunities:

• Only 17 reviews (low social proof)
• Established business (has reviews)

If you're interested, I can send you a detailed audit report (free, no obligation) showing:
✓ Your current profile score vs. competitors
✓ Exactly what's missing
✓ Estimated impact on calls/traffic

Just reply ""send it"" and I'll email it over.

If not interested, no worries - I won't bug you again!

Best,
Visible Local
contact@visiblelocal.co
North Idaho",(509) 483-9000,contractor,"Spokane, WA"
scott@scottscustomconstruction.com,Scotts Custom Construction and Spokane Handyman Service,Free Google Profile Audit for Scotts Custom Construction and Spokane Handyman Service,"Hi,

I run a Google Business Profile optimization service in North Idaho, and I'm offering free audits to contractor businesses this week.

I took a quick look at Scotts Custom Construction and Spokane Handyman Service's profile and found some opportunities:

• Only 25 reviews (low social proof)
• Established business (has reviews)

If you're interested, I can send you a detailed audit report (free, no obligation) showing:
✓ Your current profile score vs. competitors
✓ Exactly what's missing
✓ Estimated impact on calls/traffic

Just reply ""send it"" and I'll email it over.

If not interested, no worries - I won't bug you again!

Best,
Visible Local
contact@visiblelocal.co
North Idaho",(509) 862-2458,contractor,"Spokane, WA"
info@alpineremodelers.com,Alpine Construction,Free Google Profile Audit for Alpine Construction,"Hi,

I run a Google Business Profile optimization service in North Idaho, and I'm offering free audits to contractor businesses this week.

I took a quick look at Alpine Construction's profile and found some opportunities:

• Only 17 reviews (low social proof)
• Established business (has reviews)

If you're interested, I can send you a detailed audit report (free, no obligation) showing:
✓ Your current profile score vs. competitors
✓ Exactly what's missing
✓ Estimated impact on calls/traffic

Just reply ""send it"" and I'll email it over.

If not interested, no worries - I won't bug you again!

Best,
Visible Local
contact@visiblelocal.co
North Idaho",(509) 448-8099,contractor,"Spokane, WA"
conorweise.bkc@gmail.com,Brother's Keeper Construction,Free Google Profile Audit for Brother's Keeper Construction,"Hi,

I run a Google Business Profile optimization service in North Idaho, and I'm offering free audits to contractor businesses this week.

I took a quick look at Brother's Keeper Construction's profile and found some opportunities:

• Only 22 reviews (low social proof)
• Established business (has reviews)

If you're interested, I can send you a detailed audit report (free, no obligation) showing:
✓ Your current profile score vs. competitors
✓ Exactly what's missing
✓ Estimated impact on calls/traffic

Just reply ""send it"" and I'll email it over.

If not interested, no worries - I won't bug you again!

Best,
Visible Local
contact@visiblelocal.co
North Idaho",(509) 989-3846,contractor,"Spokane, WA"
joshua@wrenbuildingco.com,Wren Building Co.,Free Google Profile Audit for Wren Building Co.,"Hi,

I run a Google Business Profile optimization service in North Idaho, and I'm offering free audits to contractor businesses this week.

I took a quick look at Wren Building Co.'s profile and found some opportunities:

• Only 16 reviews (low social proof)
• Established business (has reviews)

If you're interested, I can send you a detailed audit report (free, no obligation) showing:
✓ Your current profile score vs. competitors
✓ Exactly what's missing
✓ Estimated impact on calls/traffic

Just reply ""send it"" and I'll email it over.

If not interested, no worries - I won't bug you again!

Best,
Visible Local
contact@visiblelocal.co
North Idaho",(509) 863-8833,contractor,"Spokane, WA"
Jeff@heinemannconstructionllc.com,Heinemann Construction LLC,Free Google Profile Audit for Heinemann Construction LLC,"Hi,

I run a Google Business Profile optimization service in North Idaho, and I'm offering free audits to contractor businesses this week.

I took a quick look at Heinemann Construction LLC's profile and found some opportunities:

• Established business (has reviews)
• Good rating (cares about reputation)

If you're interested, I can send you a detailed audit report (free, no obligation) showing:
✓ Your current profile score vs. competitors
✓ Exactly what's missing
✓ Estimated impact on calls/traffic

Just reply ""send it"" and I'll email it over.

If not interested, no worries - I won't bug you again!

Best,
Visible Local
contact@visiblelocal.co
North Idaho",(509) 844-1414,contractor,"Spokane, WA"
hello@strohmaier.com,Strohmaier Design & Build,Free Google Profile Audit for Strohmaier Design & Build,"Hi,

I run a Google Business Profile optimization service in North Idaho, and I'm offering free audits to contractor businesses this week.

I took a quick look at Strohmaier Design & Build's profile and found some opportunities:

• Established business (has reviews)
• Good rating (cares about reputation)

If you're interested, I can send you a detailed audit report (free, no obligation) showing:
✓ Your current profile score vs. competitors
✓ Exactly what's missing
✓ Estimated impact on calls/traffic

Just reply ""send it"" and I'll email it over.

If not interested, no worries - I won't bug you again!

Best,
Visible Local
contact@visiblelocal.co
North Idaho",(509) 434-6177,contractor,"Spokane, WA"
sashiksconstruction@gmail.com,Sashiks Construction LLC,Free Google Profile Audit for Sashiks Construction LLC,"Hi,

I run a Google Business Profile optimization service in North Idaho, and I'm offering free audits to contractor businesses this week.

I took a quick look at Sashiks Construction LLC's profile and found some opportunities:

• Established business (has reviews)
• Good rating (cares about reputation)

If you're interested, I can send you a detailed audit report (free, no obligation) showing:
✓ Your current profile score vs. competitors
✓ Exactly what's missing
✓ Estimated impact on calls/traffic

Just reply ""send it"" and I'll email it over.

If not interested, no worries - I won't bug you again!

Best,
Visible Local
contact@visiblelocal.co
North Idaho",(425) 344-7683,contractor,"Spokane, WA"
SPOKANE@COMPLETEDENTALNW.COM,Complete Dental Care,Free Google Profile Audit for Complete Dental Care,"Hi,

I run a Google Business Profile optimization service in North Idaho, and I'm offering free audits to dentist businesses this week.

I took a quick look at Complete Dental Care's profile and found some opportunities:

• Only 3 photos (needs 20+)
• Good rating (cares about reputation)

If you're interested, I can send you a detailed audit report (free, no obligation) showing:
✓ Your current profile score vs. competitors
✓ Exactly what's missing
✓ Estimated impact on calls/traffic

Just reply ""send it"" and I'll email it over.

If not interested, no worries - I won't bug you again!

Best,
Visible Local
contact@visiblelocal.co
North Idaho",(509) 328-2539,dentist,"Spokane, WA"
Coffee@gritbjj.com,Grit Grounds Coffee,Free Google Profile Audit for Grit Grounds Coffee,"Hi,

I run a Google Business Profile optimization service in North Idaho, and I'm offering free audits to coffee shop businesses this week.

I took a quick look at Grit Grounds Coffee's profile and found some opportunities:

• Established business (has reviews)
• Good rating (cares about reputation)

If you're interested, I can send you a detailed audit report (free, no obligation) showing:
✓ Your current profile score vs. competitors
✓ Exactly what's missing
✓ Estimated impact on calls/traffic

Just reply ""send it"" and I'll email it over.

If not interested, no worries - I won't bug you again!

Best,
Visible Local
contact@visiblelocal.co
North Idaho",(509) 392-4548,coffee shop,"Spokane, WA"
