Business Name,Email,Category,Location,Website
Alpine Elite Gymnastics,office@alpineelitegym.com,Fitness,Sandpoint,https://alpineelitegym.com/
Xhale Pilates Studio,corrinajbarrett@gmail.com,Fitness,Sandpoint,https://www.xhalepilatesstudio.com/
Unique Fitness (UFIT),uniquefitnesssandpoint@gmail.com,Fitness,Sandpoint,http://www.uniquefitnesssandpoint.com/
Missi Balison Fitness,missi@missibalisonfitness.com,Fitness,Sandpoint,http://www.missibalisonfitness.com/
Christ Fit Gym CDA,Christfitgymcda@gmail.com,Fitness,Coeur d'Alene,https://christfitgymcda.org/
360 Fitness North Idaho,360fitnessnorthidaho@gmail.com,Fitness,Coeur d'Alene,http://www.360fitnessnorthidaho.com/
Forward,luke@forwardspokane.com,Fitness,Spokane,https://forwardspokane.com/home
Revival Salon,revivalsalon208@gmail.com,Salon,Sandpoint,https://www.revivalsalonsandpoint.com/
Fifth Element Hair Studio,info@fifthelementhairstudio.com,Salon,Sandpoint,http://www.fifthelementhairstudio.com/
Align Holistic Hair & Wellbeing,alignhairsandpoint@gmail.com,Salon,Sandpoint,http://align.glossgenius.com/
Rasor's Edge Salon LLC,rasorsedgesalon@gmail.com,Salon,Sandpoint,http://rasorsedge.com/
Eden Salon,edensalonspokane@gmail.com,Salon,Spokane,http://edensalonspokane.com/
Dana Construction Company LLC,john@danaconst.com,Construction,Sandpoint,http://www.danaconstructionco.com/
Durfee Construction LLC,customizingyourhome@gmail.com,Construction,Sandpoint,http://www.durfeeconstruction.com/
Mountain View Construction,Office@mvcsandpoint.com,Construction,Sandpoint,https://mvcsandpoint.com/
AJ Construction and Development LLC,mandy@ajdevelopmentllc.com,Construction,Sandpoint,http://www.ajdevelopmentllc.com/
John Cloud Construction,Info@CustomHomeSandpoint.com,Construction,Sandpoint,http://customhomesandpoint.com/
Sandpoint Builders Inc.,anapbm@gmail.com,Construction,Sandpoint,http://www.sandpointbuilders.com/
Ramey Construction Company,info@rameyco.com,Construction,Sandpoint,https://www.rameyco.com/sandpoint-idaho
Collin Beggs Timber Framing Inc.,info@collinbeggs.com,Construction,Sandpoint,http://www.collinbeggs.com/
R.W. Bianco Construction,bob@rwbiancoconstruction.com,Construction,Sandpoint,http://www.rwbiancoconstruction.com/
Long General Contracting,longgeneralcontracting@outlook.com,Construction,Sandpoint,https://www.longgeneral.com/
Edwards Smith Construction,office@edwardssmith.com,Construction,Coeur d'Alene,https://edwardssmith.com/
Vision Built Construction LLC,martin@visionbuiltconstruction.net,Construction,Coeur d'Alene,https://www.visionbuiltconstruction.net/
Ginno Construction,info@ginnoconstruction.com,Construction,Coeur d'Alene,https://ginnoconstruction.com/
Aspen Construction & Design LLC,install@exteriorsbyaspen.com,Construction,Coeur d'Alene,http://www.exteriorsbyaspen.com/
Johnson Construction,robjohnconstruct@gmail.com,Construction,Coeur d'Alene,https://jcidaho.com/
Atlas Building Group,info@atlasbuildinggroup.com,Construction,Coeur d'Alene,https://www.atlasbuildinggroup.com/
Messina Construction,tmessina@messinaconstruction.com,Construction,Coeur d'Alene,https://www.messinaconstruction.com/
Baker Construction & Development,info@bakerconstruct.com,Construction,Spokane,http://www.bakerconstruct.com/
Construction Services,info@csspokane.com,Construction,Spokane,http://www.csspokane.com/
Scotts Custom Construction,scott@scottscustomconstruction.com,Construction,Spokane,https://www.scottscustomconstruction.com/
Alpine Construction,info@alpineremodelers.com,Construction,Spokane,http://www.alpineremodelers.com/
Brother's Keeper Construction,conorweise.bkc@gmail.com,Construction,Spokane,https://www.brotherskeeperconstruction.net/
Wren Building Co.,joshua@wrenbuildingco.com,Construction,Spokane,https://wrenbuildingco.com/
Heinemann Construction LLC,Jeff@heinemannconstructionllc.com,Construction,Spokane,https://www.heinemannconstructionllc.com/
Strohmaier Design & Build,hello@strohmaier.com,Construction,Spokane,http://strohmaier.com/
Sashiks Construction LLC,sashiksconstruction@gmail.com,Construction,Spokane,https://sashiksconstruction.com/
High Mark Plumbing,Highmarkplumbing7b@gmail.com,Plumbing,Sandpoint,https://highmarkplumbingid.com/
Consolidated Supply Co.,OnlineSupport@ConsolidatedSupply.com,Plumbing,Sandpoint,https://www.consolidatedsupply.com/
North Point Trenchless,northpointtrenchless@gmail.com,Plumbing,Sandpoint,https://nptidaho.com/
Case Plumbing,caseplumbing123@gmail.com,Plumbing,Sandpoint,https://www.plumbingsandpoint.com/
Fred's Plumbing,service@fredsplumbingcda.com,Plumbing,Coeur d'Alene,http://fredsplumbingcda.com/
MacNeill Family Dental,info@macneillfamilydental.com,Dental,Sandpoint,http://www.macneillfamilydental.com/
Mountain Lake Dental,smile@mountainlakedental.com,Dental,Sandpoint,http://mountainlakedental.com/
Sandpoint Smiles,sandpoint.smiles.dental@gmail.com,Dental,Sandpoint,http://sandpointsmilesdental.com/
Ponderay Dental,ponderaydental@gmail.com,Dental,Sandpoint,http://www.ponderaydental.com/
Sandpoint Kids Dentistry,frontdesk@sandpointkidsdentistry.com,Dental,Sandpoint,http://www.sandpointkidsdentistry.com/
Element Dental,info@elementdentalcda.com,Dental,Coeur d'Alene,https://www.elementdentalcda.com/
Scholes Family Dental,scholesfamilydental@gmail.com,Dental,Coeur d'Alene,https://www.scholesfamilydental.com/
Smart Family Dentistry,info@smartfamilydds.com,Dental,Coeur d'Alene,https://www.cdasmartfamilydentistry.com/
DDS Northwest,info@ddsnorthwest.com,Dental,Coeur d'Alene,https://www.ddsnorthwest.com/
Complete Dental Care,SPOKANE@COMPLETEDENTALNW.COM,Dental,Spokane,https://www.completedentalnw.com/
Northern Lakes Chiropractic Clinic PC,ryanleisydc@gmail.com,Chiropractic,Sandpoint,http://www.sandpointchiropractor.com/
Steidl Family Chiropractic,info@steidlchiropractic.com,Chiropractic,Sandpoint,http://steidlchiropractic.com/
Thriving Family Chiropractic,connect@thrivingfamilychiro.com,Chiropractic,Sandpoint,https://www.thrivingfamilychiro.com/
Cuda Chiropractic,frontdesk@cudachiropractic.com,Chiropractic,Sandpoint,https://www.cudachiropractic.com/
North Idaho Chiropractic Neurology Center,northidahochironeurology@gmail.com,Chiropractic,Sandpoint,https://backtohealthsr.com/
Pend Oreille Chiropractic,support@healthysandpoint.com,Chiropractic,Sandpoint,http://www.healthysandpoint.com/
Helping Hands Chiropractic and Wellness Center,HHCWC@outlook.com,Chiropractic,Coeur d'Alene,http://www.helpinghandschiro.com/
CV Chiropractic,cvchirocda@gmail.com,Chiropractic,Coeur d'Alene,http://www.cvchiro-cda.com/
First Care Chiropractic,firstcarechiro@gmail.com,Chiropractic,Coeur d'Alene,http://www.fcchirowellness.com/
Spokane Club Athletic Facility,support@spokaneclub.org,Fitness,Spokane,https://www.spokaneclub.org/
Grit Grounds Coffee,Coffee@gritbjj.com,Coffee Shop,Spokane,https://www.gritgrounds.net/
